{
  "vocab_size": 16000,
  "native": {
    "tt_only": {
      "las_mean": 0.22943973734973677,
      "las_std": 0.0561729371547699,
      "uas_mean": 0.32706887381679917,
      "uas_std": 0.06693504750728607,
      "n_folds": 5.0
    },
    "transfer_tr": {
      "las_mean": 0.27531960598166727,
      "las_std": 0.023192260414361954,
      "uas_mean": 0.3923439035555824,
      "uas_std": 0.010978665202856064,
      "n_folds": 5.0
    },
    "transfer_tr_kk": {
      "las_mean": 0.21629840375620463,
      "las_std": 0.05148020014166832,
      "uas_mean": 0.32739651474067766,
      "uas_std": 0.033753231167793274,
      "n_folds": 5.0
    },
    "transfer_tr_kk_tt": {
      "las_mean": 0.21161836631413297,
      "las_std": 0.047162771224975586,
      "uas_mean": 0.31245941982026454,
      "uas_std": 0.036151666194200516,
      "n_folds": 5.0
    },
    "byte_fallback_bpe": {
      "las_mean": 0.20931758063059097,
      "las_std": 0.05196509510278702,
      "uas_mean": 0.3030535500860405,
      "uas_std": 0.06642469018697739,
      "n_folds": 5.0
    }
  },
  "normalized": {
    "tt_only": {
      "las_mean": 0.23264752974303743,
      "las_std": 0.04209766536951065,
      "uas_mean": 0.3417429899628704,
      "uas_std": 0.042475778609514236,
      "n_folds": 5.0
    },
    "transfer_tr": {
      "las_mean": 0.25449679951276327,
      "las_std": 0.04231242090463638,
      "uas_mean": 0.3632872177451082,
      "uas_std": 0.038948360830545425,
      "n_folds": 5.0
    },
    "transfer_tr_kk": {
      "las_mean": 0.24157248647393087,
      "las_std": 0.038062404841184616,
      "uas_mean": 0.3410170760171649,
      "uas_std": 0.04212016612291336,
      "n_folds": 5.0
    },
    "transfer_tr_kk_tt": {
      "las_mean": 0.26162603566318865,
      "las_std": 0.02744877152144909,
      "uas_mean": 0.35431639496818274,
      "uas_std": 0.0362326055765152,
      "n_folds": 5.0
    },
    "byte_fallback_bpe": {
      "las_mean": 0.23386902595437614,
      "las_std": 0.05732142552733421,
      "uas_mean": 0.3312864437789074,
      "uas_std": 0.06167515739798546,
      "n_folds": 5.0
    }
  }
}
